Modelo,R²,MAE,RMSE,Tempo Treino,CPU (%),RAM (MB),Melhor Config
RandomForest,0.9994087653410701,0.012271226426220437,0.020960819017346356,0.6769521236419678,2.893333333333333,1026.171875,"{'n_estimators': 100, 'min_samples_split': 2, 'min_samples_leaf': 2, 'max_features': 1.0, 'max_depth': 20}"
DecisionTree,0.9992722013319254,0.01114356435643623,0.02325594190488528,0.106842041015625,9.89,940.9375,"{'min_samples_split': np.int64(2), 'min_samples_leaf': np.int64(3), 'max_depth': None, 'criterion': 'squared_error'}"
GradientBoosting,0.9985554098640155,0.024341837816899303,0.032764279958919236,0.6555159091949463,10.306666666666667,1115.453125,"{'subsample': 0.8, 'n_estimators': 300, 'max_depth': 5, 'learning_rate': 0.1, 'colsample_bytree': 0.9}"
KNN,0.9792686884589853,0.07088231940409796,0.12411997935302833,0.21932172775268555,6.529999999999999,941.984375,"{'weights': 'distance', 'n_neighbors': np.int64(3), 'metric': 'manhattan'}"
MLP,0.8481772071160927,0.2595092676979256,0.33588978299226013,1.212934970855713,2.0218181818181815,1130.984375,"{'solver': 'adam', 'learning_rate_init': 0.01, 'hidden_layer_sizes': (100,), 'alpha': 0.01, 'activation': 'tanh'}"
